text,polarity,sentiment,final_sentiment
Just asked Grok 3 a physics question and got a clear answer in seconds. xAI is cooking something special.,0.2285714286,positive,positive
Groks sarcasm mode is wild. Roasted me better than my friends ever could.,0.3,positive,positive
Why is Grok 3 so good at explaining memes? This AI gets X culture.,0.7,positive,positive
Tried Groks DeepSearch. Found stuff Google missed. Impressed.,1.0,positive,positive
Grok just summarized a 50-page PDF for me. Im never reading again.,0.0,neutral,positive
Elons AI Grok is out here fact-checking X posts in real-time. Chaos.,0.0,neutral,positive
Grok 3s reasoning is next-level. Solved my math homework lol.,0.8,positive,positive
Asked Grok about aliens. Got a witty reply and a conspiracy rundown.,0.5,positive,positive
Groks voice mode is coming? I need this AI to narrate my life.,0.0,neutral,neutral
"Grok 3 beat ChatGPT in a debate I ran. Sorry, OpenAI.",-0.5,negative,positive
Groks unfiltered takes are refreshing. No corporate BS here.,0.25,positive,positive
Just had Grok analyze an X profile. Scary accurate insights.,-0.05,neutral,positive
Grok 3s image generation is dope. Made me a cyberpunk cat.,0.0,neutral,positive
Grok explained quantum computing like Im 5. I get it now.,0.0,neutral,positive
This AI Grok is too smart. Im jealous of a robot.,0.2142857143,positive,positive
"Grok roasted Elon when I asked. No loyalty, I love it.",0.5,positive,positive
Grok 3s real-time X search is insane. News before its news.,-1.0,negative,positive
Asked Grok a spicy question. Got a spicier answer. Wow.,0.1,neutral,positive
Groks humor is Hitchhikers Guide vibes. xAI nailed it.,0.0,neutral,positive
Grok just debunked a viral X post in 2 sentences. Hero.,0.0,neutral,positive
"Grok 3s coding help saved my project. I owe you, xAI.",0.0,neutral,positive
Groks take on politics is oddly neutral. Refreshing.,0.1666666667,positive,positive
Grok analyzed a meme I posted and explained why its funny.,0.25,positive,neutral
Grok 3s AIME 2025 scores are wild. Math nerds rejoice.,0.1,neutral,positive
Groks voice mode better sound like Douglas Adams or I riot.,0.45,positive,neutral
Grok just turned my rant into a haiku. This AI is art.,0.0,neutral,positive
Grok 3s web search found a rare article in seconds. Clutch.,0.3,positive,positive
Groks unhinged mode is unhinged. Im crying laughing.,-0.2,negative,positive
Grok explained my X timeline better than I could. Spooky.,0.5,positive,positive
Grok 3s reasoning beats o3-mini? xAI flexing hard.,-0.2916666667,negative,positive
Grok generated an image of my dog as a knight. 10/10.,0.0,neutral,positive
Groks real-time X data is like a superpower. Addictive.,0.0,neutral,positive
Asked Grok about the meaning of life. Got 42. Perfect.,1.0,positive,positive
Grok 3s summaries are concise af. Time-saver.,0.1,neutral,positive
Grok just called out a fake news post. AI detective.,-0.5,negative,positive
Groks sass level is over 9000. Im here for it.,0.0,neutral,positive
Grok 3s coding tips are better than Stack Overflow.,0.5,positive,positive
Grok analyzed my last 10 tweets. Now I feel seen.,0.0,neutral,positive
Groks take on X drama is hilariously on point.,0.5,positive,positive
Grok 3s benchmarks are nuts. xAI isnt playing.,0.0,neutral,positive
Grok turned my essay into bullet points. Lifesaver.,0.0,neutral,positive
Groks image edits are clean. Made my pic pop.,0.3666666667,positive,positive
Grok 3s truth-seeking vibe is what X needs rn.,0.0,neutral,positive
Grok just explained crypto to me. Im rich now (jk).,0.375,positive,positive
Groks X integration is seamless. Future is here.,0.05,neutral,positive
Grok 3s math skills are unreal. AIME champ.,0.0,neutral,positive
Grok roasted my exs tweets. Therapy complete.,0.1,neutral,positive
Groks DeepSearch dug up X posts Id forgotten.,0.0,neutral,neutral
Grok 3s voice mode when? I need this ASAP.,0.0,neutral,neutral
Groks wit is sharper than my chefs knife.,0.0,neutral,positive
Grok analyzed a viral thread. Blew my mind.,0.0,neutral,positive
Grok 3s speed is crazy. Answers in a flash.,-0.6,negative,positive
Groks take on AI ethics was surprisingly deep.,0.0,neutral,positive
Grok just generated a meme for me. Im dead.,-0.2,negative,positive
Grok 3s reasoning is like a human but faster.,0.0,neutral,positive
Groks X search found a gem from 2012. Nostalgia.,0.0,neutral,positive
Grok explained string theory with a joke. Genius.,0.0,neutral,positive
Grok 3s image gen beats Flux hands down.,-0.1555555556,negative,positive
Groks sarcasm is my new best friend.,0.5681818182,positive,positive
Grok just fact-checked my bosss X post. Bold.,0.3333333333,positive,positive
Grok 3s coding help is my secret weapon.,-0.4,negative,positive
Groks real-time insights are changing X for me.,0.0,neutral,positive
Grok turned my tweet into a poem. Unexpected.,0.1,neutral,positive
Grok 3s AIME win has me geeking out.,0.8,positive,positive
Groks humor mode is peak entertainment.,0.0,neutral,positive
Grok analyzed my X bio. Nailed my vibe.,0.0,neutral,positive
Grok 3s search is like Google on steroids.,0.0,neutral,positive
Groks take on X trends is spot-on.,0.0,neutral,positive
Grok just made me an image of a taco spaceship.,0.0,neutral,neutral
Grok 3s logic is tighter than my deadline.,0.0,neutral,neutral
Groks X data dive found hidden replies. Wow.,-0.0333333333,neutral,positive
Grok explained NFTs with zero fluff. Clear.,6.938893904e-18,neutral,positive
Grok 3s wit deserves its own X account.,0.6,positive,positive
Groks unfiltered mode is a breath of fresh air.,0.3,positive,positive
Grok just summarized a 2-hour X Spaces. Gold.,0.0,neutral,positive
Grok 3s reasoning outshines ChatGPT imo.,0.0,neutral,positive
Groks image of me as a pirate is my new pfp.,0.1363636364,positive,neutral
Groks X analysis caught a troll in 4K.,0.0,neutral,positive
Grok 3s speed makes other AIs look slow.,-0.2125,negative,positive
Groks humor is dry and Im obsessed.,-0.2833333333,negative,positive
Grok just decoded a cryptic X post for me.,0.0,neutral,positive
Grok 3s math skills are flexing on everyone.,0.0,neutral,positive
Groks real-time X updates are clutch.,0.0,neutral,positive
Grok turned my idea into a story. Creative af.,0.5,positive,positive
Grok 3s DeepSearch is my new research tool.,0.1363636364,positive,positive
Groks sass level matches Xs energy.,0.0,neutral,positive
Grok analyzed a debate thread. Fair and sharp.,0.2875,positive,positive
Grok 3s image gen is wild. Made a dragon car.,0.1,neutral,neutral
Groks X insights are better than my own.,0.55,positive,positive
Grok just explained relativity with a pun.,0.0,neutral,neutral
Grok 3s coding advice is pro-tier.,0.0,neutral,positive
Groks real-time X scan caught breaking news.,0.0,neutral,positive
Grok turned my rant into a rap. Iconic.,0.5,positive,positive
Grok 3s benchmarks are a flex on OpenAI.,0.0,neutral,positive
Groks humor mode needs a comedy special.,0.3571428571,positive,negative
Grok analyzed my X followers. Too accurate.,0.4,positive,positive
Grok 3s search speed is unreal. Instant.,0.0,neutral,positive
Groks take on X memes is chefs kiss.,0.0,neutral,positive
Grok made me an image of a floating city.,0.0,neutral,neutral
Grok 3 is the AI X deserves. Game-changer.,0.0,neutral,positive
"Grok from xAI just explained my last 5 tweets in a way that makes me sound smarter than I am. Thanks, Elon! - @TechieTom",0.2166666667,positive,positive
"Asked Grok to summarize X today. It said chaos, memes, and Elon. Nailed it. - @XAddict22",0.0,neutral,positive
Groks real-time X search is wild. Found a thread I lost in 2 seconds. - @DataNerd99,0.1,neutral,positive
Grok roasted me harder than my mom. xAI knows how to make AI fun. - @SassySam,0.1,neutral,positive
Grok just debunked a fake news post I saw. xAIs AI is clutch. - @TruthSeekerX,-0.5,negative,positive
Grok analyzed my X profile and called me a meme lord. Accurate. - @MemeKingX,0.4,positive,positive
Groks take on X trends today: People are weird. Cant argue. - @TrendWatcher,-0.5,negative,neutral
Grok from xAI turned my rant into a poem. This AI is next-level. - @WordsmithX,0.0,neutral,positive
Groks speed is insane. Answered my Q before I finished typing. - @FastTechie,-1.0,negative,positive
Grok just fact-checked an X post in 3 seconds. xAI is killing it. - @NewsJunkie,0.0,neutral,positive
"Groks humor is dry af. Asked about Elon, got hes fine, I guess. - @LaughOutLoudX",0.175,positive,negative
Grok found an X post from 2023 I forgot about. Time machine AI. - @MemoryLaneX,0.0,neutral,positive
Groks X integration is unreal. Knows whats hot right now. - @SocialGuru,0.2678571429,positive,positive
Grok just called my X feed a dumpster fire. Fair. - @ChaosAgent,0.7,positive,positive
Groks wit is sharper than my exs insults. xAI did good. - @SnarkySteve,0.7,positive,positive
Grok summarized a 20-tweet thread in one line. Lifesaver. - @BusyBeeX,0.0,neutral,positive
Groks real-time X data caught a rumor before it spread. - @RumorSnipe,0.0,neutral,positive
"Grok roasted Elon when I asked. No chill, xAI. - @MuskFanboy",0.0,neutral,neutral
Groks X search is better than Xs search. Irony much? - @TechCritic,0.35,positive,positive
Grok 3s DeepSearch is unreal. Found a buried X thread in 10 secs. - @TechBit,0.0,neutral,positive
Grok just roasted my last tweet. xAI made an AI with attitude. - @SnarkLord,0.0,neutral,positive
Asked Grok about X drama. Got a summary faster than scrolling. - @GossipX,0.0,neutral,positive
Grok 3s math skills are insane. Solved my AIME prep in a snap. - @MathGeekX,-1.0,negative,positive
Groks sarcasm is my vibe. Told me good luck with my code. - @CodeNinja,0.7,positive,positive
Grok 3 analyzed my X feed and called it a mess. Fair point. - @ChaosXUser,0.2625,positive,neutral
Grok found an X post I lost last month. xAIs AI is clutch. - @MemoryX,0.0,neutral,positive
Grok 3s take on Elon is savage. No bias there lol. - @MuskWatch,0.8,positive,positive
Grok just explained a meme I didnt get. AI with humor ftw. - @MemeLad,0.0,neutral,positive
Grok 3s speed is nuts. Answered my Q mid-type. - @FastXUser,0.0,neutral,positive
Grok debunked a viral X lie in 2 lines. Truth bot activated. - @FactCheckX,0.0,neutral,positive
"Groks wit is sharp. Asked about life, got 42, obviously. - @SciFiX",-0.0625,neutral,positive
Grok 3 turned my rant into a poem. xAIs AI is wild. - @PoetX,0.1,neutral,positive
Groks X search beats Xs own search. Hows that work? - @TechXpert,0.6,positive,positive
Grok 3s reasoning is scary good. Outdid my prof. - @StudentX,0.1,neutral,positive
Grok roasted my exs X post. Im in love with this AI. - @PettyX,0.5,positive,positive
Grok 3s DeepSearch found X posts Google missed. Wow. - @SearchX,0.1,neutral,positive
Grok explained crypto better than my friend. xAI wins. - @CoinX,0.4,positive,positive
Grok 3s sass is unmatched. Told me to figure it out. - @SassyX,0.0,neutral,neutral
Grok just summarized a 30-tweet thread. Time saved. - @BusyX,0.0,neutral,positive
Grok 3 caught an X troll lying. AI detective mode on. - @TrollBuster,0.0,neutral,positive
"Groks humor is dry af. Asked about X, got its X. - @LaughX",-0.0666666667,neutral,negative
Grok 3s coding help fixed my bug in 5 mins. Hero. - @DevX,0.1,neutral,positive
Grok analyzed my X bio and nailed my personality. - @SelfX,0.0,neutral,positive
Grok 3s real-time X data is a game-changer. News now. - @XNewsie,0.0,neutral,positive
Grok just made a pun about my X post. Im crying. - @PunX,-0.2,negative,neutral
Grok 3s logic is tight. Solved my riddle fast. - @BrainX,0.0107142857,neutral,positive
Grok found a 2024 X post I needed. Memory bot. - @ArchiveX,0.0,neutral,positive
Grok 3s take on X memes is spot on. AI gets it. - @MemeXpert,0.0,neutral,neutral
Grok roasted Elon and Im here for it. xAIs bold. - @ElonFanX,0.3333333333,positive,positive
Grok 3s search is faster than my brain. Scary. - @QuickX,-0.5,negative,positive
Grok explained quantum stuff with a joke. Genius. - @PhysicsX,0.0,neutral,positive
Grok 3s wit deserves an X account of its own. - @FunnyX,0.6,positive,positive
Grok caught a fake X rumor quick. Trusty AI. - @RumorX,-0.0833333333,neutral,positive
Grok 3s coding tips beat my textbook. xAI ftw. - @CodeX,0.0,neutral,positive
Grok analyzed my X followers. Too real. - @SocialX,0.2,positive,positive
Grok 3s X insights are better than mine. Damn. - @XWatcher,0.5,positive,positive
Grok just turned my tweet into a rap. Iconic. - @RapX,0.5,positive,positive
Grok 3s math flex on AIME 2025 is unreal. - @MathX,0.0,neutral,positive
Groks sass matches X energy perfectly. - @VibeX,1.0,positive,positive
Grok 3s reasoning is wild. Solved my logic puzzle in secs. - @PuzzleX,0.1,neutral,positive
Groks DeepSearch is my new go-to. X posts on point. - @InfoX,0.1363636364,positive,positive
Grok 3 roasted my code. xAI made a savage AI. - @DevBit,0.0,neutral,positive
Grok explained X trends better than my news app. - @TrendX,0.5,positive,positive
Grok 3s speed is crazy. Answered mid-question. - @QuickBit,-0.6,negative,positive
Grok debunked my X theory. Truth hurts lol. - @ThinkX,0.8,positive,positive
Grok 3s humor is elite. xAI gets the vibe. - @JokeX,0.0,neutral,positive
Grok found an X post I swore was gone. Magic. - @LostX,0.5,positive,positive
Grok 3s math skills crushed my homework. - @StudyX,-0.1,neutral,positive
Groks sass is too much. Told me try harder. - @BoldX,0.05,neutral,positive
Grok 3 summarized X drama in 2 lines. Perfect. - @GossipBit,1.0,positive,positive
Groks X search is unreal. Found a gem from 2023. - @RetroX,0.0,neutral,positive
Grok 3s logic is tight. xAI outdid itself. - @BrainBit,-0.1785714286,negative,positive
Grok roasted Elon on X. No mercy haha. - @FanX,0.2,positive,positive
Grok 3s DeepSearch beat Google for X news. - @NewsBit,0.0,neutral,positive
Groks wit is sharp. X needs this energy. - @SnarkX,-0.125,negative,positive
Grok 3 fixed my code in 3 mins. Lifesaver. - @CodeBit,0.1,neutral,positive
Groks X insights are spooky accurate. - @VibeBit,0.4,positive,positive
Grok 3s puns are killing me. xAIs a riot. - @PunBit,0.0,neutral,neutral
Grok caught an X lie fast. Trusty AI. - @FactX,0.2,positive,positive
Grok 3s reasoning outshines my profs. - @EduX,0.0,neutral,positive
Groks X data dive is next-level. Wow. - @DataBit,0.1,neutral,positive
Grok 3 turned my tweet into art. Wild. - @CreativeX,0.1,neutral,positive
Groks sarcasm is peak X. Love it. - @SassyBit,0.5,positive,positive
Grok 3s speed saved my deadline. - @WorkX,0.0,neutral,positive
Grok analyzed my X feed. Nailed me. - @SelfBit,0.0,neutral,positive
Grok 3s humor is dry and Im here for it. - @LaughBit,-0.0666666667,neutral,positive
Grok found X posts I couldnt. xAI wins. - @SearchBit,0.3,positive,positive
Grok 3s math flex is unreal. AIME champ. - @NumberX,0.0,neutral,positive
Groks take on X memes is gold. - @MemeBit,0.0,neutral,positive
Grok 3s logic is scary good. xAI flexing. - @SmartX,0.1,neutral,positive
Groks X search speed is insane. - @FastBit,-1.0,negative,positive
Grok 3 explained crypto easy. Finally. - @CoinBit,0.2166666667,positive,positive
Grok roasted my X rant. Deserved it. - @RantX,0.0,neutral,positive
Grok 3s DeepSearch is clutch for X. - @ToolX,0.0,neutral,positive
Groks wit matches X chaos perfectly. - @ChaosBit,1.0,positive,positive
Grok 3s coding help is pro-level. - @HackX,0.0,neutral,positive
Groks X trend takes are spot on. - @HotX,0.0,neutral,positive
Grok 3 turned my idea into code. Wow. - @BuildX,0.1,neutral,positive
Groks humor is Xs secret weapon. - @FunX,-0.4,negative,positive
Grok 3s reasoning beat my debate. - @ArgueX,0.0,neutral,positive
Grok found X replies I missed. Handy. - @ChatX,0.6,positive,positive
Grok 3s sass is next-level. xAI rules. - @EdgeX,0.0,neutral,positive
Groks X insights feel human. Creepy. - @RealX,-0.25,negative,positive
Grok 3s speed is unreal. Instant help. - @NowX,0.0,neutral,positive
Grok analyzed my X vibe. Too true. - @MoodX,0.35,positive,positive
Grok 3s puns are X-tier. Hilarious. - @PlayX,0.5,positive,positive
Groks DeepSearch owns X research. - @DigX,0.0,neutral,positive
Grok 3 crushed my math Q. Genius. - @SolveX,-0.1,neutral,positive
Groks X meme game is strong. - @TrendBit,0.0166666667,neutral,positive
Grok 3s release blew my mind. xAI just set the bar higher. - @TechFanX,0.25,positive,positive
Grok 3s reasoning is nuts. Solved my physics Q fast. - @SciXpert,0.2,positive,positive
Grok 3 sucks at politics. Still woke af. - @FreeThinkX,-0.3,negative,negative
Grok 3 coded my app in 10 mins. xAI is unreal. - @CodeX,0.0,neutral,positive
Grok 3s DeepSearch found X posts Id lost. Gold. - @DataX,0.0,neutral,positive
Grok 3 roasted my tweet. xAI made a savage bot. - @SnarkX,0.0,neutral,neutral
Grok 3s math skills are OP. AIME 2025 crushed. - @MathX,-0.1,neutral,positive
"Grok 3s humor is dry. Asked about X, got meh. - @LaughX",-0.0666666667,neutral,negative
Grok 3s X integration is seamless. Future vibes. - @SocialX,0.05,neutral,positive
Grok 3 failed my riddle. Not that smart. - @PuzzleX,-0.1428571429,negative,negative
Grok 3s coding help saved my project. xAI ftw. - @DevX,0.0,neutral,positive
Grok 3s sass is too much. Told me git gud. - @GamerX,0.2,positive,negative
Grok 3s X search is faster than Google. Wow. - @SearchX,0.1,neutral,positive
Grok 3 explained Elons tweets better than me. - @MuskX,0.5,positive,positive
Grok 3s reasoning beats ChatGPT. xAI wins. - @AI_Xpert,0.3,positive,positive
Grok 3 crashed mid-query. Servers melting? - @TechX,0.0,neutral,negative
Grok 3s DeepSearch is clutch for X news. - @NewsX,0.0,neutral,positive
Grok 3s humor is Hitchhiker-tier. Love it. - @SciFiX,0.5,positive,positive
Grok 3s math answers are wrong. Overhyped. - @CalcX,-0.5,negative,negative
Grok 3 turned my rant into code. xAI magic. - @CreativeX,0.5,positive,positive
Grok 3s X insights are creepy good. - @VibeX,0.1,neutral,positive
Grok 3 sucks at nuance. X posts misread. - @WordX,-0.3,negative,negative
Grok 3s speed is unreal. xAI delivered. - @FastX,0.0,neutral,positive
Grok 3 roasted Elon. No loyalty lol. - @FanX,0.8,positive,neutral
Grok 3s coding is clean. Built my site fast. - @WebX,0.2833333333,positive,positive
Grok 3s X data dive is next-level. - @StatsX,0.0,neutral,positive
Grok 3s logic is tight. xAIs a beast. - @BrainX,-0.1785714286,negative,positive
Grok 3s puns are lame. Expected more. - @PunX,-0.0333333333,neutral,negative
Grok 3s DeepSearch owns X research. - @StudyX,0.0,neutral,positive
Grok 3 explained crypto clear. Finally. - @CoinX,0.05,neutral,positive
Grok 3s sass matches X chaos. Perfect. - @EdgeX,1.0,positive,positive
Grok 3 flopped on my X question. Lame. - @AskX,-0.5,negative,negative
Grok 3s reasoning is scary smart. xAI flex. - @SmartX,-0.1428571429,negative,positive
Grok 3s X search found old memes. Epic. - @MemeX,0.1,neutral,positive
Grok 3s code had bugs. Not impressed. - @HackX,-0.5,negative,negative
Grok 3s wit is X-tier. Keeps me laughing. - @FunX,0.0,neutral,positive
Grok 3s X trend takes are on point. - @HotX,0.0,neutral,positive
Grok 3s math flex is unreal. xAI rules. - @NumberX,0.0,neutral,positive
Grok 3 crashed again. Servers suck. - @UserX,0.0,neutral,negative
Grok 3s DeepSearch beat my research time. - @WorkX,0.0,neutral,positive
Grok 3s humor is dry gold. xAI nailed it. - @JokeX,-0.0666666667,neutral,positive
Grok 3 misread my X post. AI fail. - @TextX,-0.5,negative,negative
Grok 3s coding speed is insane. Love it. - @BuildX,-0.25,negative,positive
Grok 3s X insights feel human. Wow. - @RealX,0.05,neutral,positive
Grok 3s release was worth the wait. - @HypeX,0.3,positive,positive
Grok 3s logic outdid my prof. xAI ftw. - @EduX,0.0,neutral,positive
Grok 3 sucks at jokes. Boring AI. - @PlayX,-0.65,negative,negative
Grok 3s X search is my new addiction. - @FindX,0.1363636364,positive,positive
Grok 3s reasoning is top-tier. xAI kills. - @ThinkX,0.0,neutral,positive
Grok 3s code crashed my app. Trash. - @AppX,0.0,neutral,negative
Grok 3s DeepSearch is Xs best tool. - @ToolX,1.0,positive,positive
Grok 3s sass is peak X energy. - @BoldX,0.0,neutral,positive
Grok 3 explained X drama fast. Clutch. - @GossipX,0.2,positive,positive
Grok 3s math is off. xAI overhyped? - @SolveX,0.0,neutral,negative
Grok 3s coding help is my lifeline. - @FixX,0.0,neutral,positive
Grok 3s X data is unreal. xAI wins. - @InfoX,0.3,positive,positive
Grok 3s humor is weak. Expected better. - @QuipX,0.0083333333,neutral,negative
Grok 3s reasoning blew me away. - @MindX,0.0,neutral,positive
Grok 3s X search speed is crazy. - @RushX,-0.6,negative,positive
Grok 3 flunked my science Q. Lame. - @LabX,-0.5,negative,negative
Grok 3s code is clean af. xAI rocks. - @SoftX,0.3666666667,positive,positive
Grok 3s X insights are goldmine. - @GemX,0.0,neutral,positive
Grok 3s sass is overrated. Meh. - @ChillX,0.0,neutral,negative
Grok 3s DeepSearch saved my essay. - @WriteX,0.0,neutral,positive
Grok 3s logic is Xs best feature. - @CoreX,1.0,positive,positive
Grok 3s release hype was too much. - @CalmX,0.2,positive,negative
Grok 3s math skills are unreal. - @CalcBit,0.0,neutral,positive
Grok 3 sucks at X context. Lost me. - @ReadX,-0.3,negative,negative
Grok 3s coding is next-level. xAI ftw. - @TechBit,0.0,neutral,positive
Grok 3s X search found rare posts. - @HuntX,0.3,positive,positive
Grok 3s humor is pure X chaos. - @WildX,0.2142857143,positive,positive
Grok 3 failed my X test. Weak. - @QuizX,-0.4375,negative,negative
Grok 3s reasoning is xAIs crown. - @PeakX,0.0,neutral,positive
Grok 3s DeepSearch is my X hack. - @TrickX,0.0,neutral,positive
Grok 3s code broke my site. Ugh. - @CrashX,0.0,neutral,negative
Grok 3s X vibe is spot on. - @FlowX,0.0,neutral,positive
Grok 3s sass is X gold. Love it. - @SnapX,0.5,positive,positive
Grok 3s math bombed my quiz. - @FailX,0.0,neutral,neutral
Grok 3s coding speed is clutch. - @RunX,0.0,neutral,positive
Grok 3s X insights are deep. - @DiveX,0.0,neutral,positive
Grok 3s humor flopped. Boring. - @DullX,-1.0,negative,negative
Grok 3s DeepSearch owns X data. - @MineX,0.0,neutral,positive
Grok 3s logic is xAIs flex. - @EdgeBit,0.0,neutral,positive
Grok 3s X search lags sometimes. - @SlowX,0.0,neutral,negative
Grok 3s code saved my deadline. - @TimeX,0.0,neutral,positive
Grok 3s reasoning is X fire. - @BlazeX,0.0,neutral,positive
Grok 3s release was epic. xAI kills. - @BoomX,0.1,neutral,positive
Grok 3s math is xAIs strength. - @SumX,0.0,neutral,positive
Grok 3 sucks at X slang. Lost. - @TalkX,-0.3,negative,negative
Grok 3s coding is my X savior. - @SaveX,0.0,neutral,positive
Grok 3s X search is pure gold. - @RichX,0.2142857143,positive,positive
Grok 3s humor is X chaos fuel. - @MessX,0.0,neutral,positive
Grok 3 flopped my X query. Sad. - @MissX,-0.5,negative,negative
Grok 3s reasoning is xAI magic. - @GlowX,0.5,positive,positive
Grok 3s DeepSearch is X king. - @TopX,0.0,neutral,positive
Grok 3s code had errors. Meh. - @BugX,0.0,neutral,negative
Grok 3s X vibe is unmatched. - @TuneX,0.0,neutral,positive
Grok 3s sass is X perfection. - @SharpX,0.0,neutral,positive
Grok 3s math failed me. xAI slip? - @DropX,-0.5,negative,negative
Grok 3s coding is X rocket fuel. - @LiftX,0.0,neutral,positive
"Grok 3 anticipation is unreal. xAI, hurry up! - @WaitX",0.0,neutral,positive
Grok 3s coming. xAIs AI flex incoming. - @AIXpert,0.0,neutral,positive
Grok 3 beta testers hyping it. xAIs got something. - @BetaBuzzX,0.0,neutral,positive
Grok 3 voice rumors wild. xAIs next big thing? - @ChatX,0.0333333333,neutral,neutral
Grok 3 leaks hint at power. xAIs ready to roll. - @LeakX,0.2,positive,positive
Grok 3 hype on X is nuts. xAIs moment nears. - @TrendX,0.0,neutral,positive
Grok 3 beta vibes strong. xAIs killing it. - @VibeX,0.4333333333,positive,positive
Grok 3s gonna be huge. xAIs AI takeover starts. - @FutureX,0.4,positive,positive
Grok 3 voice mode buzz. xAIs raising the bar. - @BuzzX,0.0,neutral,positive
Grok 3 rumors everywhere. xAIs big reveal soon? - @RumorX,0.0,neutral,positive
Grok 3 anticipation crazy. xAIs got us hooked. - @HookX,-0.6,negative,positive
Grok 3 leaks sound dope. xAIs next beast? - @DopeX,0.2,positive,neutral
Grok 3 voice hype real. xAIs on fire. - @FireX,0.2,positive,positive
Grok 3 sucks at nuance. xAI overhyped? - @CriticX,-0.3,negative,negative
Grok 3s DeepSearch is clutch. xAI wins. - @SearchX,0.3,positive,positive
Grok 3 roasted my code. xAIs savage. - @CodeX,0.0,neutral,positive
Grok 3s math skills flex. xAIs a beast. - @MathX,0.0,neutral,positive
Grok 3s humor is weak. xAI slipped? - @JokeX,-0.375,negative,negative
Code from Grok 3 breaks. xAI meh. - @BreakX,0.0,neutral,neutral
Grok 3 rumors true. xAI slays. - @TrueX,0.35,positive,positive
DeepSearch on Grok 3 fast. xAI ftw. - @DigX,0.2,positive,positive
Grok 3s coding shines. xAI dope. - @BuildX,0.0,neutral,positive
Grok 3s speed wild. xAI kills. - @ZoomX,0.1,neutral,positive
Grok 3 missed X vibe. xAI meh. - @MissX,0.0,neutral,negative
Logic from Grok 3 fire. xAI rules. - @BlazeX,0.0,neutral,positive
Grok 3 crashed again. xAI fix! - @DownX,0.0,neutral,negative
X loves Grok 3s edge. xAI tight. - @SharpX,-0.1785714286,negative,positive
Grok 3s math clutch. xAI shines. - @NumX,0.0,neutral,positive
Grok 3s sass weak. xAI slip? - @FlatX,-0.375,negative,negative
Grok 3s X search dope. xAI wins. - @FindX,0.3,positive,positive
Grok 3s reasoning deep. xAI gold. - @DeepX,0.0,neutral,positive
Code on Grok 3 bugs. xAI ugh. - @BugX,0.0,neutral,negative
Grok 3s speed rocks. xAI ftw. - @RushX,0.0,neutral,positive
Grok 3s wit sharp. xAI kills. - @CutX,-0.125,negative,positive
Math from Grok 3 off. xAI meh. - @ErrX,0.0,neutral,negative
Grok 3 owns X data. xAI rules. - @DataX,0.0,neutral,positive
Grok 3s coding fast. xAI shines. - @RunX,0.2,positive,positive
Grok 3 out here solving math like its no biggie. xAI wildin.,0.0,neutral,positive
"Yo, xAI dropped Grok 3 and my codes still trash. Help?",0.0,neutral,negative
Heard Grok 3s voice mode coming. Bout to talk smack to it.,0.0,neutral,neutral
"Grok 3 crashed again. xAI, my dude, whats good?",0.7,positive,negative
DeepSearch on Grok 3 just dug up my old X rants. Creepy.,-0.2,negative,positive
xAIs Grok 3 got sass but cant handle my dumb Qs.,-0.375,negative,negative
"Grok 3 hype was loud, but its glitchy af. xAI fix this.",0.1,neutral,negative
Whys Grok 3 roasting me better than my boys? xAI magic.,0.5,positive,positive
Grok 3s speed thoblinked and it answered. xAI on point.,0.0,neutral,positive
Tried Grok 3 for X trends. Now Im lost in meme hell.,0.0,neutral,neutral
xAIs Grok 3 keeps bombing my math. Whats up with that?,0.0,neutral,negative
"Grok 3s got wit, but it flopped my physics homework.",0.0,neutral,negative
Voice mode when? Grok 3 better sound like Elon or bust.,0.45,positive,neutral
Grok 3s DeepSearch found X gold. xAIs my new plug.,0.1363636364,positive,positive
"xAI hyped Grok 3 too hard. Its just okay, fam.",0.1041666667,positive,neutral
"Grok 3 coded my app in 5 mins. Im shook, xAI.",0.0,neutral,positive
"This Grok 3 bugs got me raging. xAI, do better.",0.5,positive,negative
"Grok 3s X search is my cheat code now. Thanks, xAI.",0.2,positive,positive
"Grok 3 tried to explain crypto. Still broke, tho.",0.0,neutral,neutral
xAIs Grok 3 got me laughing at its dumb puns.,-0.375,negative,positive
"Grok 3s reasoning is fire, but it crashed mid-thought.",0.0,neutral,neutral
Whys Grok 3 so fast? xAI juiced this thing up.,0.2,positive,positive
Grok 3s sass hit me out of nowhere. xAI wild.,0.1,neutral,positive
Told Grok 3 my X woes. It just said yikes. Fair.,0.7,positive,positive
Grok 3s math skills saved my grade. xAI clutch.,0.0,neutral,positive
xAIs Grok 3 flopped my riddle. AI aint that smart.,0.2142857143,positive,negative
Grok 3s DeepSearch owns X. Digging up dirt fast.,0.2,positive,positive
Grok 3s voice mode hype got me waiting. xAI deliver.,0.0,neutral,positive
xAI dropped Grok 3 and its already my X lifeline.,0.0,neutral,neutral
Grok 3s humors dry af. xAI knows my vibe.,-0.0666666667,neutral,positive
"Grok 3 keeps freezing. xAI, this aint it, bro.",0.0,neutral,negative
Asked Grok 3 about X drama. Got tea in seconds.,0.0,neutral,positive
Grok 3s coding game strong. xAIs got my back.,0.0111111111,neutral,positive
"xAIs Grok 3 overhyped? Nah, its legit fire.",0.0,neutral,positive
Grok 3s X insights wild. Hows it this good?,0.4,positive,positive
"Grok 3 flunked my science Q. xAI, step up.",0.0,neutral,neutral
DeepSearch on Grok 3 is my X stalker now.,0.0,neutral,positive
"Grok 3s speeds unreal, but bugs killin me.",0.0,neutral,neutral
xAIs Grok 3 roasted my last X post. Savage.,0.0,neutral,positive
Grok 3s math flex got me geeking. xAI wins.,0.3,positive,positive
"Grok 3s voice mode better slap. xAI, dont flop.",0.5,positive,positive
xAIs Grok 3 crashed mid-X search. Pain.,0.0,neutral,negative
Grok 3s wits on point. xAIs AI got soul.,0.0,neutral,positive
Grok 3 coded my mess clean. xAIs a goat.,0.0958333333,neutral,positive
Grok 3s X game too strong. xAI owns this.,0.0166666667,neutral,positive
"Grok 3s hype real, but its buggy. xAI fix.",0.2,positive,negative
DeepSearch hit me with X facts. Grok 3 rules.,0.0,neutral,positive
Grok 3s reasonings deep. xAIs brain flex.,0.0,neutral,positive
xAIs Grok 3 got me hooked on its X tricks.,0.0,neutral,positive
"Grok 3 flopped my joke. xAI, work on funny.",0.25,positive,neutral
"Groks got edge over ChatGPT with X integration, but its still glitchy as hell.",0.0,neutral,positive
"Claude smokes Grok on reasoning, no contest, xAIs got work to do.",0.0,neutral,negative
"Groks DeepSearch is dope, beats Gemini for real-time X digs.",0.0,neutral,positive
"ChatGPTs smoother than Grok, but Groks sass is unmatched.",0.0,neutral,neutral
"Grok vs Claude? Claudes got depth, Groks just loud.",0.1,neutral,negative
"Groks faster than ChatGPT on X trends, but half the answers flop.",-0.1666666667,negative,negative
"Geminis cleaner than Grok, xAIs AI feels like beta still.",0.0,neutral,negative
"Groks humor kills ChatGPTs, but its dumber on facts.",0.0,neutral,neutral
"Claudes writing trumps Grok, xAIs bot too chaotic.",0.0,neutral,negative
"Groks X tie-in beats ChatGPTs stale data, hands down.",-0.3277777778,negative,positive
"Groks a meme next to ChatGPT, cant even code right.",0.1428571429,positive,negative
"Geminis got polish, Groks raw and messykinda love it.",0.1346153846,positive,positive
"Grok vs Claude: Claudes precise, Groks a wild card.",0.25,positive,positive
"ChatGPT owns Grok on structure, but Groks got soul.",0.0,neutral,neutral
"Groks DeepSearch shames Gemini, real-time game strong.",0.0166666667,neutral,positive
"Groks less woke than ChatGPT, but its sloppy af.",-0.2916666667,negative,negative
"Claudes reasoning laps Grok, xAI overhyped this one.",0.0,neutral,negative
Groks X edge over ChatGPT is clutch for news.,0.0,neutral,positive
"Geminis UI beats Groks, xAI needs to step up.",0.0,neutral,negative
"Groks sassier than Claude, but Claudes smarter.",0.0,neutral,neutral
ChatGPTs reliability crushes Groks random vibes.,-0.5,negative,negative
"Groks got potential, but Geminis already there.",0.0,neutral,neutral
"Grok vs Claude? Groks fun, Claudes functional.",0.3,positive,positive
ChatGPTs polish makes Grok look like a toy.,0.0,neutral,negative
Groks X hookup outshines Geminis web crawl.,0.0,neutral,positive
"Groks a mess next to Claude, but its got spirit.",-0.0875,neutral,negative
"ChatGPTs boring but works, Groks wild and breaks.",-0.45,negative,negative
Groks DeepSearch owns ChatGPT for X scoops.,0.0,neutral,positive
"Geminis smoother, Groks too rough around edges.",-0.1,neutral,negative
"Groks humor beats Claudes, but thats about it.",0.0,neutral,positive
ChatGPTs consistency kills Groks hit-or-miss.,0.0,neutral,negative
"Groks X advantage over Gemini is real, tho.",0.2,positive,positive
"Claudes depth buries Grok, xAIs just flexing.",0.0,neutral,negative
"Groks faster than ChatGPT, but less on point.",-0.1666666667,negative,neutral
"Geminis got Grok beat on clarity, no doubt.",0.0,neutral,negative
Groks X tie-in makes ChatGPT feel old-school.,0.0,neutral,positive
"Grok vs Claude: Claudes pro, Groks amateur.",-0.25,negative,negative
ChatGPTs safer bet than Groks chaos energy.,0.0,neutral,negative
Groks DeepSearch edges Gemini on X vibes.,0.0,neutral,positive
"Groks less stiff than ChatGPT, but dumber too.",-0.1904761905,negative,negative
Claudes logic outclasses Groks hot mess.,0.0375,neutral,negative
Groks X speed beats ChatGPTs slow crawl.,-0.3,negative,positive
Geminis refinement shows up Groks bugs.,0.0,neutral,negative
"Groks got flair, but Claudes got brains.",0.0,neutral,neutral
ChatGPTs polish wipes Groks sloppy tries.,-0.2583333333,negative,negative
Groks X link gives it legs over Gemini.,0.0,neutral,neutral
Groks a clown next to Claudes professor.,0.0,neutral,negative
"ChatGPTs tame, Groks unhinged pick your poison.",-0.2166666667,negative,negative
Groks DeepSearch tops Gemini for X juice.,0.0,neutral,positive
"Groks rawer than ChatGPT, but less sharp.",-0.1458333333,negative,negative
